id;semt_bucak_belde;ilce_id
1;100.YIL;201
2;100.YIL;674
3;30AĞUSTOS;338
4;50.YIL;964
5;82EVLER;868
6;A.O.ÇİFTLİĞİ;945
7;ABANA;2
8;ABBASAĞA;139
9;ABDİOĞLU;967
10;ABDULLAHPAŞA;641
11;ABİDİNPAŞA;611
12;ACIBADEM;920
13;ACIGÖL;3
14;ACIPAYAM;4
15;ADAKLI;5
16;ADALET;678
17;ADAPAZARI;7
18;ADİLCEVAZ;8
19;ADLİYE;295
20;ADSIZ;33
21;AFETEVLERİ;654
22;AFŞİN;9
23;AĞABEYLİ;295
24;AĞAÇELİ;633
25;AĞAÇÖREN;10
26;AĞIN;11
27;AĞLASUN;12
28;AĞLI;13
29;AĞVA;861
30;AHATLI;543
31;AHIRLI;14
32;AHİEVRAN;815
33;AHLAT;15
34;AHLATLIBEL;201
35;AHMETBEY;604
36;AHMETLİ;16
37;AHMETLİ;861
38;AKATLAR;139
39;AKBELEN;890
40;AKÇAABAT;17
41;AKÇADAĞ;18
42;AKÇAKALE;19
43;AKÇAKENT;20
44;AKÇAKOCA;21
45;AKÇAŞEHİR;666
46;AKÇATEKİR;757
47;AKÇAY;302
48;AKÇAY;314
49;AKDAĞMADENİ;22
50;AKDERE;611
51;AKFIRAT;900
52;AKHİSAR;24
53;AKINCILAR;25
54;AKINCILAR;404
55;AKINCILAR;490
56;AKKAPI;806
57;AKKAYA;347
58;AKKIŞLA;26
59;AKKÖY;734
60;AKKUŞ;27
61;AKMESCİT;648
62;AKÖREN;28
63;AKPINAR;29
64;AKPINAR;627
65;AKSAKAL;117
66;AKSARAY;345
67;AKSARAY;641
68;AKSEKİ;30
69;AKSU;31
70;AKSU;32
71;AKSU;643
72;AKŞEMSETTİN;343
73;AKŞEMSETTİN;642
74;AKŞEMSETTİN;868
75;AKTEPE;535
76;AKTOPRAK;855
77;AKTUZLA;608
78;AKYAKA;34
79;AKYAZI;35
80;AKYENİKÖY;275
81;AKYURT;36
82;ALAADDİN;625
83;ALAATTİNBEY;703
84;ALACA;37
85;ALACAKAYA;38
86;ALAÇAM;39
87;ALAÇATI;230
88;ALADAĞ;40
89;ALANÖNÜ;708
90;ALANYA;41
91;ALAPLI;42
92;ALAŞEHİR;43
93;ALAYBEY;523
94;ALEMDAĞ;221
95;ALEMDAR;724
96;ALİAĞA;44
97;ALİBABA;658
98;ALİBEYADASI;98
99;ALİBEYKÖY;342
100;ALİBEYLİ;789
101;ALİHOCALI;967
102;ALİKAHYA;479
103;ALİPAŞA;651
104;ALİPINAR;105
105;ALLEBEN;855
106;ALMUS;45
107;ALPASLAN;130
108;ALPU;46
109;ALPULLU;102
110;ALSANCAK;565
111;ALSANCAK;890
112;ALTAYLILAR;868
113;ALTIEYLÜL;47
114;ALTINBAŞAK;921
115;ALTINDAĞ;48
116;ALTINDAĞ;160
117;ALTINEKİN;49
118;ALTINOLUK;302
119;ALTINOVA;51
120;ALTINOVA;98
121;ALTINOVA;543
122;ALTINOVA;841
123;ALTINÖZÜ;52
124;ALTINŞEHİR;119
125;ALTINŞEHİR;703
126;ALTINTAŞ;53
127;ALTINTEPSİ;133
128;ALTINYAYLA;55
129;ALTIPARMAK;724
130;ALTUNHİSAR;56
131;ALTUNİZADE;920
132;ALUCRA;57
133;AMASRA;58
134;AMBARLI;88
135;ANADOLUHİSARI;143
136;ANAMUR;59
137;ANDIRIN;60
138;ANIT;868
139;ANKARAYOLU KÖYLER;562
140;ARABAN;62
141;ARABAYATAĞI;959
142;ARAÇ;63
143;ARAKLI;64
144;ARALIK;65
145;ARAPCAMİ;146
146;ARAPGİR;66
147;ARAPSUYU;566
148;ARDAHAN;671
149;ARDANUÇ;67
150;ARDEŞEN;68
151;ARGINCIK;562
152;ARGUVAN;69
153;ARHAVİ;70
154;ARICAK;71
155;ARIL;855
156;ARİFİYE;72
157;ARİFİYE;708
158;ARMUTLU;73
159;ARMUTLU;540
160;ARNAVUTKÖY;74
161;ARNAVUTKÖY;139
162;ARPAÇAY;75
163;ARSİN;76
164;ARSLANBEY;525
165;ARSUZ;77
166;ARTOVA;78
167;ARTVİN;631
168;ASARCIK;80
169;ASLANAPA;81
170;aşagımah.;868
171;AŞAĞIÇİNİK;877
172;AŞAĞIÇOBANİSA;856
173;AŞAĞIDUDULLU;917
174;AŞAĞISOKU;635
175;AŞÇIOĞLU;916
176;AŞKALE;82
177;ATABEY;83
178;ATAEVLER;703
179;ATAKENT;596
180;ATAKENT;917
181;ATAKÖY;110
182;ATAKÖY;621
183;ATAKUM;84
184;ATALAR;524
185;ATATÜRK;85
186;ATATÜRK;160
187;ATATÜRK;518
188;ATATÜRK;676
189;ATATÜRK;855
190;ATATÜRK;917
191;ATIŞALANI;332
192;ATKARACALAR;86
193;AVANOS;87
194;AVCILAR;88
195;AVDAN;822
196;AVSALLAR;41
197;AVŞA;614
198;AYANCIK;89
199;AYAŞ;90
200;AYBASTI;91
201;AYDINCIK;92
202;AYDINCIK;93
203;AYDINCIK(EDİNCİK);117
204;AYDINEVLER;610
205;AYDINKENT;454
206;AYDINLAR;323
207;AYDINLAR;883
208;AYDINLI;900
209;AYDINLIK;796
210;AYDINLIKEVLER;48
211;AYDINTEPE;94
212;AYDOĞAN;658
213;AYDOĞDU;841
214;AYRANCI;95
215;AYRANCILAR;889
216;AYVACIK;96
217;AYVACIK;97
218;AYVALIK;98
219;AZDAVAY;99
220;AZGANLIK;473
221;AZİZİYEGÜNLÜ;677
222;BABADAĞ;101
223;BABAESKİ;102
224;BADEMLER;914
225;BAFRA;103
226;BAĞARASI;353
227;BAĞCILAR;104
228;BAĞGÖZE;330
229;BAĞLARBAŞI;418
230;BAĞLARBAŞI;673
231;BAĞLARBAŞI;724
232;BAĞLIKAYA;664
233;BAĞLUM;535
234;BAĞYURDU;540
235;BAHAR;724
236;BAHCELİEVLER;50
237;BAHÇE;106
238;BAHÇE;868
239;BAHÇECİK;121
240;BAHÇEKAPI;338
241;BAHÇEKÖY;787
242;BAHÇELİEVLER;107
243;BAHÇELİEVLER;201
244;BAHÇELİEVLER;418
245;BAHÇELİEVLER;461
246;BAHÇELİEVLER;636
247;BAHÇELİEVLER;642
248;BAHÇELİEVLER;691
249;BAHÇELİEVLER;746
250;BAHÇELİEVLER;879
251;BAHÇELİEVLER;920
252;BAHÇELİEVLER;951
253;BAHÇELİEVLER;967
254;BAHÇESARAY;108
255;BAHÇEŞEHİR;119
256;BAHŞILI;109
257;BAKIR;552
258;BAKLALI;74
259;BAKLALI;780
260;BAKLAN;111
261;BALA;112
262;BALAT;345
263;BALAT;703
264;BALCI;721
265;BALÇOVA;113
266;BALGAT;201
267;BALIKÇILARBAŞI;836
268;BALIKLI;724
269;BALIKLIOVA;914
270;BALIŞEYH;114
271;BALYA;115
272;BANARLI;841
273;BANAZ;116
274;BANDIRMA;117
275;BARBAROS;637
276;BARBAROS;841
277;BARBAROS;951
278;BARIŞ;23
279;BASKİL;118
280;BASMANE;565
281;BAŞAKŞEHİR;119
282;BAŞÇİFTLİK;120
283;BAŞİSKELE;121
284;BAŞKALE;122
285;BAŞMAKÇI;123
286;BAŞPINAR;539
287;BAŞYAYLA;124
288;BATIKENT;945
289;BATLAMA;643
290;BATTALGAZİ;125
291;BATTALGAZİ;620
292;BAYAT;126
293;BAYAT;127
294;BAYAZIT;345
295;BAYBURT;665
296;BAYDEMİRLİ;295
297;BAYINDIR;128
298;BAYIR;674
299;BAYKAN;129
300;BAYRAKLI;130
301;BAYRAMİÇ;131
302;BAYRAMÖREN;132
303;BEBEK;139
304;BEKİLLİ;134
305;BELEN;135
306;BELKIS;321
307;BELÖREN;374
308;BELSİN;620
309;BEREKETLİ;762
310;BERGAMA;136
311;BESNİ;137
312;BEŞBİNEVLER;674
313;BEŞEVLER;703
314;BEŞİKDÜZÜ;138
315;BEŞİRİ;140
316;BEŞİRLİ;719
317;BEYAĞAÇ;141
318;BEYAZIT;959
319;BEYAZŞEHİR;562
320;BEYCİK;541
321;BEYCİLER;677
322;BEYCUMA;663
323;BEYDAĞ;142
324;BEYDAĞI;125
325;BEYDEĞİRMENİ;868
326;BEYHANI;733
327;BEYKOZ;143
328;BEYKÖY;677
329;BEYLERBEYİ;855
330;BEYLERBEYİ;920
331;BEYLİKDÜZÜ;144
332;BEYLİKOVA;145
333;BEYOBA;24
334;BEYPAZARI;147
335;BEYŞEHİR;148
336;BEYTÜŞŞEBAP;149
337;BEYYAZI;628
338;BİGA;150
339;BİGADİÇ;151
340;BİLECİK;632
341;BİLKENT;201
342;BİNEVLER;714
343;BİNGÖL;633
344;BİRECİK;152
345;BİRLİK;201
346;BİSMİL;153
347;BİTLİS;634
348;BODRUM;154
349;BOĞAZİÇİ;611
350;BOĞAZİÇİ;677
351;BOĞAZKALE;155
352;BOĞAZKÖY;74
353;BOĞAZLIYAN;156
354;BOLLUCA;74
355;BOLVADİN;157
356;BOR;158
357;BORÇKA;159
358;BORNOVA;160
359;BOSNA;796
360;BOSTANBAŞI;956
361;BOSTANCI;483
362;BOSTANCI;719
363;BOYABAT;161
364;BOZCAADA;162
365;BOZDOĞAN;163
366;BOZKIR;164
367;BOZKURT;165
368;BOZKURT;166
369;BOZKURT;864
370;BOZOVA;167
371;BOZTEPE;168
372;BOZTEPE;719
373;BOZÜYÜK;169
374;BOZYAZI;170
375;BÖLÜKYAZI;634
376;BÖREKÇİLER;651
377;BUCA;171
378;BUCAK;172
379;BULANCAK;174
380;BULANIK;175
381;BULDAN;176
382;BULGURLU;920
383;BURGAZADA;6
384;BURHANİYE;177
385;BURUK;780
386;BÜNYAN;178
387;BÜYÜKADA;6
388;BÜYÜKBAKKALKÖY;610
389;BÜYÜKBELEN;789
390;BÜYÜKÇAVUŞLU;810
391;BÜYÜKÇEKMECE;179
392;BÜYÜKÇİĞLİ;238
393;BÜYÜKDERBENT;525
394;BÜYÜKDERE;708
395;BÜYÜKDERE;787
396;BÜYÜKKARIŞTIRAN;604
397;BÜYÜKKÖY;215
398;BÜYÜKLÜ;877
399;BÜYÜKMANGIT;182
400;BÜYÜKORHAN;180
401;BÜYÜKYENİCE;477
402;CADDEBOSTAN;483
403;CAFERAĞA;483
404;CAMİCEDİT;653
405;CAMİİŞERİF;23
406;CAMİNUR;868
407;CANİK;181
408;CANLI;128
409;CEBECİ;201
410;CEBRAİL;648
411;CELALİYE(KAMİLOBA);179
412;CEMALPAŞA;486
413;CEMRE;526
414;CENKYERİ;822
415;CEVATPAŞA;637
416;CEVİZLİ;30
417;CEVİZLİ;610
418;CEVİZLİK;110
419;CEVİZLİK;863
420;CEYHAN;182
421;CEYLANPINAR;183
422;CİDE;184
423;CİHANBEYLİ;185
424;CİHANGİR;146
425;CİZRE;186
426;CUMAYERİ;187
427;CUMHURİYE;879
428;CUMHURİYET;473
429;CUMHURİYET;523
430;CUMHURİYET;661
431;CUMHURİYET;796
432;CUMHURİYET;864
433;CUMHURİYET;920
434;CUMHURİYET;950
435;CUMHURİYET;951
436;ÇAĞIŞ;151
437;ÇAĞLAYAN;487
438;ÇAĞLAYANCERİT;188
439;ÇAKIRHÜYÜK;137
440;ÇAKMAK;917
441;ÇAL;189
442;ÇALDIRAN;190
443;ÇALI;703
444;ÇALIŞ;87
445;ÇAMARDI;191
446;ÇAMAŞ;192
447;ÇAMÇEŞME;746
448;ÇAMDİBİ;160
449;ÇAMELİ;193
450;ÇAMLICA;879
451;ÇAMLIDERE;194
452;ÇAMLIHEMŞİN;195
453;ÇAMLIYAYLA;196
454;çamlıyaylamah.;868
455;ÇAMOLUK;197
456;ÇAMYUVA;541
457;ÇAN;198
458;ÇANAKÇI;199
459;ÇANDIR;200
460;ÇANKAYA;23
461;ÇANKAYA;201
462;ÇANTA;810
463;ÇARDAK;202
464;ÇARŞAMBA;203
465;ÇARŞI;304
466;ÇARŞI;343
467;ÇARŞI;479
468;ÇARŞI;620
469;ÇARŞI;628
470;ÇARŞI;638
471;ÇARŞI;650
472;ÇARŞI;653
473;ÇARŞI;658
474;ÇARŞI;664
475;ÇARŞI;668
476;ÇARŞI;691
477;ÇARŞI;724
478;ÇARŞI;746
479;ÇARŞI;815
480;ÇARŞI;856
481;ÇARŞI;900
482;ÇARŞIBAŞI;204
483;ÇAT;205
484;ÇATAK;206
485;ÇATALCA;207
486;ÇATALPINAR;208
487;ÇATALZEYTİN;209
488;ÇAVDARHİSAR;210
489;ÇAVDIR;211
490;ÇAVUŞBAŞI;143
491;ÇAVUŞLU;890
492;ÇAVUŞOĞLU;956
493;ÇAY;212
494;ÇAYBAŞI;213
495;ÇAYBAŞI;889
496;ÇAYCUMA;214
497;ÇAYELİ;215
498;ÇAYIRALAN;216
499;ÇAYIRLI;217
500;ÇAYIROVA;218
501;ÇAYKARA;219
502;ÇAYLAR;923
503;ÇAYYOLU;201
504;ÇEKEREK;220
505;ÇEKİRGE;724
506;ÇEKMEKÖY;221
507;ÇELEBILER;646
508;ÇELEBİ;222
509;ÇELİKHAN;223
510;ÇELİKTEPE;487
511;ÇELTİK;224
512;ÇELTİKÇİ;225
513;ÇEMİŞGEZEK;226
514;ÇENGELKÖY;920
515;ÇEPNİ;361
516;ÇERKEŞ;227
517;ÇERKEZKÖY;228
518;ÇERMİK;229
519;ÇEŞME;230
520;ÇEŞMEALTI;914
521;ÇEŞMEBAŞI;734
522;ÇEŞMEDAMI;636
523;ÇEŞTEPE;304
524;ÇIĞLI;245
525;ÇIKSORUT;855
526;ÇILDIR;231
527;ÇINAR;232
528;ÇINARCIK;233
529;ÇINARDERE;746
530;ÇIRÇIR;342
531;ÇIRPI;128
532;ÇIRPICI;969
533;ÇİÇEKDAĞI;234
534;ÇİÇEKLİ;387
535;ÇİFTELER;235
536;ÇİFTLİKKÖY;237
537;ÇİĞLİ;238
538;ÇİLİMLİ;239
539;ÇİNE;240
540;ÇİVRİL;241
541;ÇOBANLAR;242
542;ÇOKAK;60
543;ÇOLAKLI;612
544;ÇORLU;243
545;ÇORUK;177
546;ÇÖPKÖY;916
547;ÇUBUK;244
548;ÇUBUKDAĞI;173
549;ÇUBUKLU;143
550;ÇUKUR;731
551;ÇUKURCA;245
552;ÇUKURHİSAR;879
553;ÇUMRA;247
554;ÇÜNGÜŞ;248
555;DABAKHANE;125
556;DADAY;249
557;DALAMA;304
558;DALAMAN;250
559;DAMAL;251
560;DAMLALI;894
561;DARENDE;252
562;DARGEÇİT;253
563;DARICA;254
564;DATÇA;255
565;DAVAZLAR;262
566;DAVULTEPE;681
567;DAVUTKADI;959
568;DAZKIRI;256
569;DEDELİ;737
570;DEFNE;257
571;DEĞİRMENDERE;376
572;DEĞİRMENDERE;621
573;DEĞİRMENKÖY;810
574;DELİCE;258
575;DEMETEVLER;945
576;DEMİRCİ;259
577;DEMİRCİLER;670
578;DEMİRKÖY;260
579;DEMİRLİBAHÇE;611
580;DEMİRÖZÜ;261
581;DEMİRTAŞ;724
582;DEMRE;262
583;DENİZBOSTANLISI;523
584;DENİZLİ;806
585;DERBENT;263
586;DERBENT;895
587;DEREBOYU;630
588;DEREBUCAK;264
589;DEREKÖY;649
590;DERELİ;265
591;DEREPAZARI;266
592;DERİK;267
593;DERİNCE;268
594;DERİNKUYU;269
595;DERNEKPAZARI;270
596;DEVELİ;271
597;DEVELİ;621
598;DEVREK;272
599;DEVREKANİ;273
600;DIŞKAPI;48
601;DİCLE;274
602;DİGOR;276
603;DİKİLİ;277
604;DİKMEN;201
605;DİKMEN;278
606;DİLEK;789
607;DİLEK;956
608;DİLEKTEPE(ZİYARET);129
609;DİLOVASI;279
610;DİNAR;280
611;DİNEK;684
612;DİRMİL;54
613;DİVRİĞİ;281
614;DİYADİN;282
615;DODURGA;169
616;DODURGA;283
617;DOĞANBEY;794
618;DOĞANHİSAR;284
619;DOĞANKENT;285
620;DOĞANKENT;967
621;DOĞANŞAR;286
622;DOĞANŞEHİR;287
623;DOĞANYOL;288
624;DOĞANYURT;289
625;DOĞRUCA;117
626;DOĞUBAYAZIT;290
627;DOĞUKENT;641
628;DOKUMA;543
629;DOMANİÇ;291
630;DOSAB;724
631;DÖRTDİVAN;292
632;DÖRTYOL;293
633;DÖŞEMEALTI;294
634;DUAÇINAR;959
635;DUATEPE;864
636;DUMLUPINAR;296
637;DUMLUPINAR;628
638;DURAĞAN;297
639;DURALİLER;543
640;DURHASAN;259
641;DURSUNBEY;298
642;DURSUNLU;384
643;DUTLUCA;539
644;DÜDENBAŞI;543
645;DÜZ MAHALLE;50
646;DÜZİÇİ;299
647;DÜZKÖY;300
648;DÜZTEPE;846
649;ECEABAT;301
650;EDİRNE;640
651;EDREMİT;302
652;EFLANİ;305
653;EGEKENT;238
654;EGRİÇAM;951
655;EĞERCİ;272
656;EĞERCİ;361
657;EĞİL;306
658;EĞİRDİR;307
659;EĞİTİM;483
660;EKİNÖZÜ;308
661;ELBEYLİ;309
662;ELBİSTAN;310
663;ELDİVAN;311
664;ELEŞKİRT;312
665;ELMADAĞ;313
666;ELMALI;314
667;ELVANKENT;338
668;EMEK;182
669;EMEK;708
670;EMEK;724
671;EMEK;806
672;EMEK;855
673;EMET;315
674;EMİNÖNÜ;345
675;EMİRDAĞ;316
676;EMİRGAN;787
677;EMİRGAZİ;317
678;ENEZ;318
679;ERBAA;319
680;ERCİŞ;320
681;ERÇEK;470
682;ERDEK;321
683;ERDEMLİ;322
684;EREĞLİ;323
685;ERENKÖY;483
686;ERENKÖY;543
687;ERENLER;325
688;ERENLER;516
689;ERENTEPE;175
690;ERFELEK;326
691;ERGANİ;327
692;ERKİLET;562
693;ERKİLET KÖYLER;562
694;ERKMEN;628
695;ERMENEK;329
696;ERTUĞRUL;47
697;ERTUĞRUL;703
698;ERTUĞRULGAZİ;815
699;ERUH;330
700;ERYAMANEVLERİ;338
701;ERZİN;331
702;ESAT;201
703;ESENDERE;966
704;ESENEVLER;959
705;ESENLER;332
706;ESENŞEHİR;917
707;ESENTEPE;61
708;ESENTEPE;524
709;ESENTEPE;864
710;ESENYALI;746
711;ESENYURT;333
712;ESERTEPE;535
713;ESKİCAMİ;841
714;ESKİL;334
715;ESKİMİDYAT;682
716;ESKİPAZAR;335
717;ESKİSANAYİ;691
718;ESKİSARAY;627
719;ESPİYE;336
720;EŞME;337
721;EŞREFPAŞA;565
722;ETİLER;139
723;ETİMESGUT;338
724;ETLİK;535
725;EVCİLER;131
726;EVCİLER;339
727;EVKA1;171
728;EVREN;340
729;EVRENSEKİZ;604
730;EVREŞE;360
731;EYNESİL;341
732;EYÜP;342
733;EYÜPSULTAN;770
734;EYYÜBİYE;343
735;EZİNE;344
736;FABRİKALAR;667
737;FAHRETTİNALTAY;499
738;FATİH;796
739;FATİH;815
740;FATİH;879
741;FATSA;346
742;FEKE;347
743;FELAHİYE;348
744;FENERBAHÇE;483
745;FENERYOLU;483
746;FERAH;920
747;FERHATPAŞA;85
748;FERİKÖY;864
749;FERİZLİ;349
750;FETHİYE;350
751;FEVZİ ÇAKMAK;562
752;FEVZİÇAKMAK;629
753;FEVZİÇAKMAK;879
754;FEVZİPAŞA;806
755;FEYZULLAH;610
756;FINDIKLI;351
757;FİKİRTEPE;483
758;FİNİKE;352
759;FİRUZKÖY;88
760;FLORYA;110
761;FOÇA;353
762;GAP;668
763;GAYRETTEPE;139
764;GAZİ;809
765;GAZİ;951
766;GAZİEMİR;354
767;GAZİKENT;855
768;GAZİOSMANPAŞA;355
769;GAZİPAŞA;356
770;GAZİPAŞA;806
771;GEBZE;357
772;GEDİZ;358
773;GELENBE;552
774;GELENDOST;359
775;GELİBOLU;360
776;GEMEREK;361
777;GEMLİK;362
778;GENÇ;363
779;GENÇLİK;691
780;GENERALHİKMETAKINCI;630
781;GERCÜŞ;364
782;GEREDE;365
783;GERGER;366
784;GERMENCİK;367
785;GERZE;368
786;GESİ;620
787;GEVAŞ;369
788;GEYİKLİ;344
789;GEYİKPINAR;696
790;GEYRAS;659
791;GEYVE;370
792;GÖBEL;838
793;GÖKBEZ;757
794;GÖKÇE;79
795;GÖKÇEAĞAÇ;425
796;GÖKÇEBEY;372
797;GÖKÇEKÖY;789
798;GÖKÇELİ;702
799;GÖKÇEN;884
800;GÖKÇESU;623
801;GÖKÇEYAZI;477
802;GÖKDERE;659
803;GÖKKAYA;16
804;GÖKMEDRESE;630
805;GÖKMEYDAN;708
806;GÖKSU;143
807;GÖKSU;338
808;GÖKSUN;373
809;GÖKTAŞ;59
810;GÖKTAŞ;692
811;GÖKTEPE;785
812;GÖKTÜRK;342
813;GÖLBAŞI;374
814;GÖLBAŞI;375
815;GÖLCÜK;376
816;GÖLE;377
817;GÖLHİSAR;378
818;GÖLKÖY;379
819;GÖLMARMARA;380
820;GÖLOVA;381
821;GÖLPAZARI;382
822;GÖLYAKA;383
823;GÖMBE;526
824;GÖMEÇ;384
825;GÖNEN;385
826;GÖNEN;386
827;GÖRDES;387
828;GÖRE;653
829;GÖRECE;621
830;GÖRELE;388
831;GÖREME;653
832;GÖRÜKLE;703
833;GÖYNÜCEK;389
834;GÖYNÜK;390
835;GÖYNÜK;541
836;GÖZTEPE;483
837;GÜCE;391
838;GÜÇLÜKONAK;392
839;GÜDÜL;393
840;GÜLABİBEY;639
841;GÜLAĞAÇ;394
842;GÜLBAHÇESİ;806
843;GÜLNAR;395
844;GÜLSUYU;610
845;GÜLŞEHİR;396
846;GÜLTEPE;487
847;GÜLTEPE;565
848;GÜLVEREN;611
849;GÜLYALI;397
850;GÜMÜLCELİ;789
851;GÜMÜLDÜR;621
852;GÜMÜŞÇAY;150
853;GÜMÜŞDERE;303
854;GÜMÜŞHACIKÖY;398
855;GÜMÜŞHANE;644
856;GÜMÜŞLER;678
857;GÜMÜŞOVA;399
858;GÜMÜŞPALA;88
859;GÜMÜŞPALA;130
860;GÜMÜŞYAKA;810
861;GÜNDOĞAN;47
862;GÜNDOĞDU;479
863;GÜNDOĞDU(HAMİDİYE);655
864;GÜNDOĞMUŞ;400
865;GÜNDÜZBEY;956
866;GÜNEŞLİ;104
867;GÜNEŞLİ;387
868;GÜNEŞLİ;562
869;GÜNEY;401
870;GÜNEYSINIR;402
871;GÜNEYSU;403
872;GÜNGÖREN;404
873;GÜNYÜZÜ;405
874;GÜRÇEŞME;565
875;GÜRGENTEPE;406
876;GÜROYMAK;407
877;GÜRPINAR;144
878;GÜRPINAR;408
879;GÜRPINAR;620
880;GÜRSEL;487
881;GÜRSELPAŞA;806
882;GÜRSU;409
883;GÜRÜN;410
884;GÜZELBAHÇE;411
885;GÜZELKENT;338
886;GÜZELYALI;565
887;GÜZELYURT;412
888;HACIALİBEY;879
889;HACIBAYRAM;714
890;HACIBEKTAŞ;413
891;HACIBEYLİ;574
892;HACIHALİLLER;856
893;HACILAR;298
894;HACILAR;414
895;HACILAR KÖYLER;414
896;HACIRAHMANLI;789
897;HADIMKÖY;74
898;HADIRLI;806
899;HADİM;415
900;HAFİK;416
901;HAKKARİ;645
902;HAL;23
903;HALASKARGAZİ;864
904;HALFETİ;417
905;HALICIOĞLU;146
906;HALİTPAŞA;789
907;HALKALI;596
908;HALKAPINAR;419
909;HALKKENT;890
910;HAMAMÖZÜ;420
911;HAMİDİYE;487
912;HAMİDİYE;651
913;HAMİDİYE;916
914;HAMİTLER;724
915;HAMUR;421
916;HAN;422
917;HANAK;423
918;HANIMINÇİFTLİĞİ;125
919;HANİ;424
920;HANKENDİ;641
921;HARAÇÇI;74
922;HARAPARASI;61
923;HARBİŞ;628
924;HARBİYE;864
925;HARMANCIK;426
926;HARMANDALI;238
927;HARMANLI;374
928;HARPUT;641
929;HARRAN;427
930;HASANAĞA;703
931;HASANBEY;385
932;HASANBEYLİ;428
933;HASANKEYF;429
934;HASANOĞLAN;313
935;HASKÖY;48
936;HASKÖY;430
937;HASKÖY;433
938;HASKÖY;671
939;HASKÖY SUBAYEVLERİ;535
940;HASSA;431
941;HATAY;499
942;HAVRAN;432
943;HAVSA;433
944;HAVUTLU;967
945;HAVZA;434
946;HAYMANA;435
947;HAYRABOLU;436
948;HAYRAT;437
949;HAZRO;438
950;HEKİMHAN;439
951;HELVACI;44
952;HELVADERE;664
953;HEMŞİN;440
954;HENDEK;441
955;HEREKE;580
956;HEYBELİADA;6
957;HINIS;442
958;HİLVAN;443
959;HİSAR;666
960;HİSAR;724
961;HİSARCIK;444
962;HİSARCIK-KIRANARDI;620
963;HİSARÖNÜ(FİLYOS);214
964;HİZAN;445
965;HOCALAR;446
966;HONAZ;447
967;HOPA;448
968;HORASAN;449
969;HOROZLUHAN;796
970;HOŞGÖR;846
971;HOZAT;450
972;HUZUR;708
973;HUZUREVLERİ;246
974;HUZURKENT;23
975;HÜDAVENDİGAR;724
976;HÜKÜMET;682
977;HÜKÜMET;806
978;HÜRRİYET;620
979;HÜRRİYET;724
980;HÜRRİYET;951
981;HÜSEYİNGAZİ;611
982;HÜYÜK;451
983;IĞDIR;672
984;IHLAMURKUYU;917
985;ILGAZ;452
986;ILGIN;453
987;ILICA;100
988;IŞIKKENT;160
989;IŞIKLAR;342
990;IŞIKLAR;628
991;İÇERENKÖY;85
992;İÇMELER;900
993;İDEALTEPE;610
994;İDİL;455
995;İĞNEADA;260
996;İHSANGAZİ;456
997;İHSANİYE;457
998;İHSANİYE;635
999;İHSANİYE;703
1000;İKİTELLİ;119
1001;İKİZCE;458
1002;İKİZDERE;459
1003;İLDEM;620
1004;İLİÇ;460
1005;İLYASLAR;552
1006;İMAMAĞA;627
1007;İMAMOĞLU;462
1008;İMBATLI;523
1009;İMRANLI;463
1010;İMROZ;371
1011;İNCESU;464
1012;İNCİRLİK;780
1013;İNCİRLİK;967
1014;İNCİRLİOVA;465
1015;İNCİRTEPE;333
1016;İNEBOLU;466
1017;İNECE;649
1018;İNEGÖL;467
1019;İNHİSAR;468
1020;İNKILAP;917
1021;iNKIŞLA;361
1022;İNÖNÜ;469
1023;İPSALA;471
1024;İSCEHİSAR;472
1025;İSHAKÇELEBİ;789
1026;İSKELE;59
1027;İSKELE;897
1028;İSKELE;914
1029;İSKENDERPAŞA;345
1030;İSKİLİP;474
1031;İSKİTLER;48
1032;İSLAHİYE;475
1033;İSPİR;476
1034;İSTASYON;33
1035;İSTASYON;79
1036;İSTASYON;461
1037;İSTASYON;897
1038;İSTİKLAL;146
1039;İSTİKLAL;734
1040;İSTİNYE;787
1041;İŞÇİEVLERİ;171
1042;İVEDİK OSB;945
1043;İVRİNDİ;477
1044;İYİDERE;478
1045;İYTE;914
1046;İZMİRYOLBOYU;703
1047;İZMİT;479
1048;İZNİK;480
1049;İZZETPAŞA;641
1050;KABALA;79
1051;KABATAŞ;482
1052;KADIKÖY;461
1053;KADINHANI;484
1054;KADIŞEHRİ;485
1055;KADİRLİ;486
1056;KAĞITHANE MERKEZ;487
1057;KAĞIZMAN;488
1058;KAHRAMANLAR;565
1059;KAHTA;490
1060;KAHVELİ;574
1061;KALABA;87
1062;KALABA;535
1063;KALE;262
1064;KALE;461
1065;KALE;491
1066;KALE;492
1067;KALECİK;493
1068;KALEMLİ;962
1069;KALICIKONUTLAR;677
1070;KALKAN;526
1071;KALKANDERE;494
1072;KALKIM;941
1073;KAMAN;495
1074;KANALBOYU;125
1075;KANATLI;61
1076;KANDIRA;496
1077;KANDİLLİ;920
1078;KANGAL;497
1079;KANLIPINAR;708
1080;KAPAKLI;498
1081;KAPALIÇARŞI;125
1082;KARAAĞAÇ;384
1083;KARAAĞAÇLI;856
1084;KARABAĞLAR;499
1085;KARABAYIR;332
1086;KARABİGA;150
1087;KARABURUN;500
1088;KARACABEY;501
1089;KARACAİLYAS;23
1090;KARACAKILAVUZ;841
1091;KARACAOĞLAN;967
1092;KARACASU;502
1093;KARACASU;635
1094;KARAÇAM;791
1095;KARAÇOBAN;503
1096;KARADENİZEREĞLİ;324
1097;KARADÜZ;481
1098;KARAGÜMRÜK;345
1099;KARAHALLI;504
1100;KARAHASAN;608
1101;KARAİSALI;505
1102;KARAKAPI;56
1103;KARAKAVAK;956
1104;KARAKEÇİLİ;506
1105;KARAKEÇİLİ;639
1106;KARAKOÇAN;507
1107;KARAKOYUNLU;508
1108;KARAKÖPRÜ;509
1109;KARAKÖY;856
1110;KARAKURT;552
1111;KARAMAN;7
1112;KARAMANLI;510
1113;KARAMANLI;635
1114;KARAMÜRSEL;511
1115;KARAOĞLANLI;856
1116;KARAÖREN;711
1117;KARAPINAR;3
1118;KARAPINAR;512
1119;KARAPÜRÇEK;513
1120;KARASU;514
1121;KARATAŞ;201
1122;KARATAŞ;515
1123;KARATAŞ;846
1124;KARATAY;516
1125;KARAYAKA;319
1126;KARAYAZI;517
1127;KARAYUSUFLU;806
1128;KARESİ;518
1129;KARGI;519
1130;KARKAMIŞ;520
1131;KARLIOVA;521
1132;KARPUZLU;522
1133;KARS;647
1134;KARŞIYAKA;523
1135;KARŞIYAKA;659
1136;KARŞIYAKA;734
1137;KARŞIYAKA;855
1138;KARŞIYAKA;945
1139;KARŞIYAKA;967
1140;KARTAL;524
1141;KARTALTEPE;110
1142;KASIMPAŞA;146
1143;KAŞ;526
1144;KAVAK;527
1145;KAVAK;653
1146;KAVAKLI;810
1147;KAVAKLI;868
1148;KAVAKLIDERE;43
1149;KAVAKLIDERE;201
1150;KAVAKLIDERE;528
1151;KAYABAŞI;674
1152;KAYACA;613
1153;KAYACIK;387
1154;KAYAPA;477
1155;KAYAPINAR;529
1156;KAYAŞ;611
1157;KAYIKÇI;838
1158;KAYIŞDAĞI;85
1159;KAYMAKLI;653
1160;KAYNAKLAR;171
1161;KAYNARCA;530
1162;KAYNAŞLI;531
1163;KAZAN;489
1164;KAZANCI;329
1165;KAZIM KARABEKİR;562
1166;KAZIM KARABEKİR;620
1167;KAZIMDİRİK;160
1168;KAZIMKARABEKİR;532
1169;KAZIMKARABEKİR;629
1170;KAZIMKARABEKİR;917
1171;KAZIMKARABEKİR;967
1172;KEBAN;533
1173;KEÇİBORLU;534
1174;KEÇİKALESİ;56
1175;KELES;536
1176;KELKİT;537
1177;KEMAH;538
1178;KEMALİYE;43
1179;KEMALİYE;539
1180;KEMALPAŞA;448
1181;KEMALPAŞA;540
1182;KEMANKEŞ;146
1183;KEMER;541
1184;KEMER;542
1185;KEMERALTI;565
1186;KEMERBURGAZ;342
1187;KEPECİ;646
1188;KEPEZ;637
1189;KEPSUT;544
1190;KERESTECİLER;967
1191;KESKİN;545
1192;KESTEL;546
1193;KEŞAN;547
1194;KEŞAP;548
1195;KIBRISCIK;549
1196;KILIÇASLAN;620
1197;KINALIADA;6
1198;KINIK;526
1199;KINIK;550
1200;KINIKLI;734
1201;KIRAÇ;333
1202;KIRCASALİH;916
1203;KIRIKHAN;551
1204;KIRKAĞAÇ;552
1205;KIRKLARELİ;649
1206;KISIK;621
1207;KIŞLASARAY;61
1208;KIZILCAHAMAM;553
1209;KIZILIRMAK;554
1210;KIZILKAYA;172
1211;KIZILMURAT;868
1212;KIZILÖREN;555
1213;KIZILTEPE;556
1214;KIZILTOPRAK;691
1215;KİBAR;499
1216;KİĞI;557
1217;KİLİMLİ;558
1218;KİLİS;675
1219;KİLLİK;43
1220;KİRAZ;559
1221;KİRAZLITEPE;920
1222;KOCAALİ;560
1223;KOCAALİLER;172
1224;KOCAKÖY;561
1225;KOCAMUSTAFAPAŞA;345
1226;KOÇARLI;563
1227;KOFÇAZ;564
1228;KOLDERE;789
1229;KONAK;565
1230;KONAK;703
1231;KONAK;846
1232;KONAKPINAR;47
1233;KONURALP;677
1234;KORGAN;567
1235;KORGUN;568
1236;KORKUT;569
1237;KORKUTELİ;570
1238;KORUCU;477
1239;KOŞUYOLU;483
1240;KOVANCILAR;571
1241;KOVANLIK;174
1242;KOYULHİSAR;572
1243;KOZAKLI;573
1244;KOZAN;574
1245;KOZCAĞIZ;670
1246;KOZLU;575
1247;KOZLUK;576
1248;KOZYATAĞI;483
1249;KÖMÜR;627
1250;KÖPRÜBAŞI;577
1251;KÖPRÜBAŞI;578
1252;KÖPRÜKÖY;579
1253;KÖRHAT;105
1254;KÖSE;581
1255;KÖSEFAKILI;20
1256;KÖSEKÖY;525
1257;KÖSRELİ;182
1258;KÖŞK;582
1259;KÖYCEĞİZ;583
1260;KÖYLER;810
1261;KULA;584
1262;KULLAR;121
1263;KULP;585
1264;KULU;586
1265;KULUNCAK;587
1266;KUMBAĞ;841
1267;KUMBURGAZ;179
1268;KUMKAPI;345
1269;KUMKUYUCAK;789
1270;KUMLU;588
1271;KUMLUCA;589
1272;KUMLUCA;913
1273;KUMRU;590
1274;KURNA;746
1275;KURŞUNLU;591
1276;KURTALAN;592
1277;KURTULUŞ;304
1278;KURTULUŞ;708
1279;KURUCAŞİLE;593
1280;KURUÇAY;33
1281;KURUKÖPRÜ;806
1282;KURUPELİT;84
1283;KUŞADASI;594
1284;KUŞÇULAR;914
1285;KUTLUBEY;646
1286;KUTLUKENT;877
1287;KUYUCAK;595
1288;KUYUCAK;627
1289;KUZEY;856
1290;KUZEYKENT;648
1291;KUZGUNCUK;920
1292;KÜÇÜKBAKKALKÖY;85
1293;KÜÇÜKÇEKMECE;596
1294;KÜÇÜKDİKİLİ;806
1295;KÜÇÜKKÖY;98
1296;KÜÇÜKKÖY;355
1297;KÜÇÜKKUYU;96
1298;KÜÇÜKYALI;565
1299;KÜÇÜKYALI;610
1300;KÜLTÜR;668
1301;KÜMBET;658
1302;KÜPLÜ;626
1303;KÜPLÜPINAR;724
1304;KÜRE;597
1305;KÜRTÜN;598
1306;KÜSGET;855
1307;LAÇİN;599
1308;LADİK;600
1309;LALAHAN;611
1310;LALAPAŞA;601
1311;LALEBAHÇE;625
1312;LALELİ;964
1313;LAPSEKİ;602
1314;LARA;691
1315;LEVAZIM;139
1316;LEVENT;139
1317;LİCE;603
1318;LİMAN;461
1319;LİMAN;566
1320;LÜLEBURGAZ;604
1325;MADENLİ;40
1326;MAHFESIĞMAZ;246
1327;MAHMUDİYE;607
1331;MAHMUTPAŞA;345
1333;MALAZGİRT;608
1343;MARMARAEREĞLİSİ;615
1344;MARMARİS;616
1346;MAŞUKİYE;525
1347;MAVİ BULVAR YURT;806
1348;MAVİKENT;589
1349;MAZGİRT;617
1350;MAZIDAĞI;618
1351;MECİDİYE;547
1352;MECİDİYEKÖY;864
1353;MECİTÖZÜ;619
1354;MEHMETAKİF;828
1355;MEHTERÇEŞME;333
1360;MENTEŞE;624
1362;MERDİVENKÖY;483
1363;MERİÇ;626
1365;MERKEZ KÖYLER;383
1366;MERKEZ KÖYLER;627
1367;MERKEZKÖYLER;2
1368;MERKEZKÖYLER;3
1369;MERKEZKÖYLER;5
1370;MERKEZKÖYLER;8
1371;MERKEZKÖYLER;10
1372;MERKEZKÖYLER;11
1373;MERKEZKÖYLER;12
1374;MERKEZKÖYLER;13
1375;MERKEZKÖYLER;15
1376;MERKEZKÖYLER;20
1377;MERKEZKÖYLER;21
1378;MERKEZKÖYLER;22
1379;MERKEZKÖYLER;24
1380;MERKEZKÖYLER;25
1381;MERKEZKÖYLER;29
1382;MERKEZKÖYLER;32
1383;MERKEZKÖYLER;34
1384;MERKEZKÖYLER;37
1385;MERKEZKÖYLER;38
1386;MERKEZKÖYLER;42
1387;MERKEZKÖYLER;45
1388;MERKEZKÖYLER;51
1389;MERKEZKÖYLER;53
1390;MERKEZKÖYLER;54
1391;MERKEZKÖYLER;55
1392;MERKEZKÖYLER;56
1393;MERKEZKÖYLER;57
1394;MERKEZKÖYLER;58
1395;MERKEZKÖYLER;63
1396;MERKEZKÖYLER;65
1397;MERKEZKÖYLER;67
1398;MERKEZKÖYLER;68
1399;MERKEZKÖYLER;70
1400;MERKEZKÖYLER;71
1401;MERKEZKÖYLER;73
1402;MERKEZKÖYLER;75
1403;MERKEZKÖYLER;78
1404;MERKEZKÖYLER;81
1405;MERKEZKÖYLER;83
1406;MERKEZKÖYLER;86
1407;MERKEZKÖYLER;87
1408;MERKEZKÖYLER;89
1409;MERKEZKÖYLER;93
1410;MERKEZKÖYLER;94
1411;MERKEZKÖYLER;95
1412;MERKEZKÖYLER;96
1413;MERKEZKÖYLER;99
1414;MERKEZKÖYLER;102
1415;MERKEZKÖYLER;106
1416;MERKEZKÖYLER;109
1417;MERKEZKÖYLER;114
1418;MERKEZKÖYLER;116
1419;MERKEZKÖYLER;118
1420;MERKEZKÖYLER;120
1421;MERKEZKÖYLER;123
1422;MERKEZKÖYLER;124
1423;MERKEZKÖYLER;126
1424;MERKEZKÖYLER;127
1425;MERKEZKÖYLER;129
1426;MERKEZKÖYLER;131
1427;MERKEZKÖYLER;132
1428;MERKEZKÖYLER;137
1429;MERKEZKÖYLER;140
1430;MERKEZKÖYLER;149
1431;MERKEZKÖYLER;150
1432;MERKEZKÖYLER;155
1433;MERKEZKÖYLER;156
1434;MERKEZKÖYLER;157
1435;MERKEZKÖYLER;158
1436;MERKEZKÖYLER;159
1437;MERKEZKÖYLER;161
1438;MERKEZKÖYLER;166
1439;MERKEZKÖYLER;168
1440;MERKEZKÖYLER;169
1441;MERKEZKÖYLER;172
1442;MERKEZKÖYLER;174
1443;MERKEZKÖYLER;175
1444;MERKEZKÖYLER;184
1445;MERKEZKÖYLER;186
1446;MERKEZKÖYLER;187
1447;MERKEZKÖYLER;191
1448;MERKEZKÖYLER;195
1449;MERKEZKÖYLER;197
1450;MERKEZKÖYLER;198
1451;MERKEZKÖYLER;200
1452;MERKEZKÖYLER;209
1453;MERKEZKÖYLER;210
1454;MERKEZKÖYLER;211
1455;MERKEZKÖYLER;212
1456;MERKEZKÖYLER;214
1457;MERKEZKÖYLER;215
1458;MERKEZKÖYLER;216
1459;MERKEZKÖYLER;217
1460;MERKEZKÖYLER;220
1461;MERKEZKÖYLER;222
1462;MERKEZKÖYLER;223
1463;MERKEZKÖYLER;225
1464;MERKEZKÖYLER;226
1465;MERKEZKÖYLER;227
1466;MERKEZKÖYLER;231
1467;MERKEZKÖYLER;233
1468;MERKEZKÖYLER;234
1469;MERKEZKÖYLER;236
1470;MERKEZKÖYLER;237
1471;MERKEZKÖYLER;239
1472;MERKEZKÖYLER;242
1473;MERKEZKÖYLER;245
1474;MERKEZKÖYLER;249
1475;MERKEZKÖYLER;251
1476;MERKEZKÖYLER;256
1477;MERKEZKÖYLER;258
1478;MERKEZKÖYLER;260
1479;MERKEZKÖYLER;261
1480;MERKEZKÖYLER;265
1481;MERKEZKÖYLER;266
1482;MERKEZKÖYLER;269
1483;MERKEZKÖYLER;272
1484;MERKEZKÖYLER;273
1485;MERKEZKÖYLER;276
1486;MERKEZKÖYLER;278
1487;MERKEZKÖYLER;280
1488;MERKEZKÖYLER;281
1489;MERKEZKÖYLER;282
1490;MERKEZKÖYLER;283
1491;MERKEZKÖYLER;285
1492;MERKEZKÖYLER;286
1493;MERKEZKÖYLER;289
1494;MERKEZKÖYLER;290
1495;MERKEZKÖYLER;291
1496;MERKEZKÖYLER;292
1497;MERKEZKÖYLER;296
1498;MERKEZKÖYLER;297
1499;MERKEZKÖYLER;299
1500;MERKEZKÖYLER;301
1501;MERKEZKÖYLER;305
1502;MERKEZKÖYLER;307
1503;MERKEZKÖYLER;309
1504;MERKEZKÖYLER;311
1505;MERKEZKÖYLER;312
1506;MERKEZKÖYLER;315
1507;MERKEZKÖYLER;316
1508;MERKEZKÖYLER;318
1509;MERKEZKÖYLER;319
1510;MERKEZKÖYLER;324
1511;MERKEZKÖYLER;326
1512;MERKEZKÖYLER;329
1513;MERKEZKÖYLER;330
1514;MERKEZKÖYLER;334
1515;MERKEZKÖYLER;335
1516;MERKEZKÖYLER;336
1517;MERKEZKÖYLER;337
1518;MERKEZKÖYLER;339
1519;MERKEZKÖYLER;341
1520;MERKEZKÖYLER;344
1521;MERKEZKÖYLER;351
1522;MERKEZKÖYLER;358
1523;MERKEZKÖYLER;359
1524;MERKEZKÖYLER;360
1525;MERKEZKÖYLER;361
1526;MERKEZKÖYLER;363
1527;MERKEZKÖYLER;364
1528;MERKEZKÖYLER;365
1529;MERKEZKÖYLER;366
1530;MERKEZKÖYLER;368
1531;MERKEZKÖYLER;371
1532;MERKEZKÖYLER;372
1533;MERKEZKÖYLER;374
1534;MERKEZKÖYLER;377
1535;MERKEZKÖYLER;378
1536;MERKEZKÖYLER;381
1537;MERKEZKÖYLER;382
1538;MERKEZKÖYLER;386
1539;MERKEZKÖYLER;388
1540;MERKEZKÖYLER;389
1541;MERKEZKÖYLER;390
1542;MERKEZKÖYLER;391
1543;MERKEZKÖYLER;392
1544;MERKEZKÖYLER;394
1545;MERKEZKÖYLER;396
1546;MERKEZKÖYLER;398
1547;MERKEZKÖYLER;399
1548;MERKEZKÖYLER;403
1549;MERKEZKÖYLER;407
1550;MERKEZKÖYLER;410
1551;MERKEZKÖYLER;412
1552;MERKEZKÖYLER;413
1553;MERKEZKÖYLER;416
1554;MERKEZKÖYLER;420
1555;MERKEZKÖYLER;421
1556;MERKEZKÖYLER;423
1557;MERKEZKÖYLER;425
1558;MERKEZKÖYLER;428
1559;MERKEZKÖYLER;429
1560;MERKEZKÖYLER;430
1561;MERKEZKÖYLER;433
1562;MERKEZKÖYLER;440
1563;MERKEZKÖYLER;444
1564;MERKEZKÖYLER;445
1565;MERKEZKÖYLER;446
1566;MERKEZKÖYLER;448
1567;MERKEZKÖYLER;450
1568;MERKEZKÖYLER;452
1569;MERKEZKÖYLER;455
1570;MERKEZKÖYLER;456
1571;MERKEZKÖYLER;457
1572;MERKEZKÖYLER;459
1573;MERKEZKÖYLER;460
1574;MERKEZKÖYLER;463
1575;MERKEZKÖYLER;466
1576;MERKEZKÖYLER;468
1577;MERKEZKÖYLER;471
1578;MERKEZKÖYLER;472
1579;MERKEZKÖYLER;474
1580;MERKEZKÖYLER;478
1581;MERKEZKÖYLER;484
1582;MERKEZKÖYLER;485
1583;MERKEZKÖYLER;486
1584;MERKEZKÖYLER;488
1585;MERKEZKÖYLER;490
1586;MERKEZKÖYLER;494
1587;MERKEZKÖYLER;495
1588;MERKEZKÖYLER;497
1589;MERKEZKÖYLER;504
1590;MERKEZKÖYLER;506
1591;MERKEZKÖYLER;507
1592;MERKEZKÖYLER;508
1593;MERKEZKÖYLER;510
1594;MERKEZKÖYLER;519
1595;MERKEZKÖYLER;521
1596;MERKEZKÖYLER;531
1597;MERKEZKÖYLER;532
1598;MERKEZKÖYLER;533
1599;MERKEZKÖYLER;534
1600;MERKEZKÖYLER;537
1601;MERKEZKÖYLER;538
1602;MERKEZKÖYLER;539
1603;MERKEZKÖYLER;542
1604;MERKEZKÖYLER;545
1605;MERKEZKÖYLER;547
1606;MERKEZKÖYLER;548
1607;MERKEZKÖYLER;549
1608;MERKEZKÖYLER;554
1609;MERKEZKÖYLER;555
1610;MERKEZKÖYLER;557
1611;MERKEZKÖYLER;558
1612;MERKEZKÖYLER;564
1613;MERKEZKÖYLER;568
1614;MERKEZKÖYLER;569
1615;MERKEZKÖYLER;571
1616;MERKEZKÖYLER;572
1617;MERKEZKÖYLER;573
1618;MERKEZKÖYLER;575
1619;MERKEZKÖYLER;576
1620;MERKEZKÖYLER;581
1621;MERKEZKÖYLER;591
1622;MERKEZKÖYLER;592
1623;MERKEZKÖYLER;593
1624;MERKEZKÖYLER;597
1625;MERKEZKÖYLER;598
1626;MERKEZKÖYLER;599
1627;MERKEZKÖYLER;601
1628;MERKEZKÖYLER;602
1629;MERKEZKÖYLER;604
1630;MERKEZKÖYLER;606
1631;MERKEZKÖYLER;608
1632;MERKEZKÖYLER;617
1633;MERKEZKÖYLER;619
1634;MERKEZKÖYLER;623
1635;MERKEZKÖYLER;626
1636;MERKEZKÖYLER;628
1637;MERKEZKÖYLER;629
1638;MERKEZKÖYLER;630
1639;MERKEZKÖYLER;631
1640;MERKEZKÖYLER;632
1641;MERKEZKÖYLER;633
1642;MERKEZKÖYLER;634
1643;MERKEZKÖYLER;635
1644;MERKEZKÖYLER;636
1645;MERKEZKÖYLER;637
1646;MERKEZKÖYLER;638
1647;MERKEZKÖYLER;639
1648;MERKEZKÖYLER;640
1649;MERKEZKÖYLER;641
1650;MERKEZKÖYLER;642
1651;MERKEZKÖYLER;643
1652;MERKEZKÖYLER;644
1653;MERKEZKÖYLER;645
1654;MERKEZKÖYLER;646
1655;MERKEZKÖYLER;647
1656;MERKEZKÖYLER;648
1657;MERKEZKÖYLER;649
1658;MERKEZKÖYLER;650
1659;MERKEZKÖYLER;651
1660;MERKEZKÖYLER;652
1661;MERKEZKÖYLER;653
1662;MERKEZKÖYLER;654
1663;MERKEZKÖYLER;655
1664;MERKEZKÖYLER;656
1665;MERKEZKÖYLER;657
1666;MERKEZKÖYLER;659
1667;MERKEZKÖYLER;660
1668;MERKEZKÖYLER;661
1669;MERKEZKÖYLER;662
1670;MERKEZKÖYLER;663
1671;MERKEZKÖYLER;664
1672;MERKEZKÖYLER;665
1673;MERKEZKÖYLER;666
1674;MERKEZKÖYLER;667
1675;MERKEZKÖYLER;668
1676;MERKEZKÖYLER;669
1677;MERKEZKÖYLER;670
1678;MERKEZKÖYLER;671
1679;MERKEZKÖYLER;672
1680;MERKEZKÖYLER;673
1681;MERKEZKÖYLER;674
1682;MERKEZKÖYLER;675
1683;MERKEZKÖYLER;676
1684;MERKEZKÖYLER;679
1685;MERKEZKÖYLER;686
1686;MERKEZKÖYLER;688
1687;MERKEZKÖYLER;692
1688;MERKEZKÖYLER;693
1689;MERKEZKÖYLER;696
1690;MERKEZKÖYLER;700
1691;MERKEZKÖYLER;702
1692;MERKEZKÖYLER;711
1693;MERKEZKÖYLER;717
1694;MERKEZKÖYLER;720
1695;MERKEZKÖYLER;721
1696;MERKEZKÖYLER;722
1697;MERKEZKÖYLER;723
1698;MERKEZKÖYLER;725
1699;MERKEZKÖYLER;726
1700;MERKEZKÖYLER;727
1701;MERKEZKÖYLER;733
1702;MERKEZKÖYLER;737
1703;MERKEZKÖYLER;739
1704;MERKEZKÖYLER;740
1705;MERKEZKÖYLER;742
1706;MERKEZKÖYLER;743
1707;MERKEZKÖYLER;745
1708;MERKEZKÖYLER;748
1709;MERKEZKÖYLER;749
1710;MERKEZKÖYLER;750
1711;MERKEZKÖYLER;752
1712;MERKEZKÖYLER;753
1713;MERKEZKÖYLER;754
1714;MERKEZKÖYLER;756
1715;MERKEZKÖYLER;759
1716;MERKEZKÖYLER;761
1717;MERKEZKÖYLER;762
1718;MERKEZKÖYLER;764
1719;MERKEZKÖYLER;769
1720;MERKEZKÖYLER;771
1721;MERKEZKÖYLER;775
1722;MERKEZKÖYLER;776
1723;MERKEZKÖYLER;782
1724;MERKEZKÖYLER;783
1725;MERKEZKÖYLER;785
1726;MERKEZKÖYLER;786
1727;MERKEZKÖYLER;790
1728;MERKEZKÖYLER;793
1729;MERKEZKÖYLER;798
1730;MERKEZKÖYLER;799
1731;MERKEZKÖYLER;804
1732;MERKEZKÖYLER;811
1733;MERKEZKÖYLER;813
1734;MERKEZKÖYLER;814
1735;MERKEZKÖYLER;816
1736;MERKEZKÖYLER;817
1737;MERKEZKÖYLER;819
1738;MERKEZKÖYLER;821
1739;MERKEZKÖYLER;823
1740;MERKEZKÖYLER;824
1741;MERKEZKÖYLER;827
1742;MERKEZKÖYLER;829
1743;MERKEZKÖYLER;832
1744;MERKEZKÖYLER;833
1745;MERKEZKÖYLER;834
1746;MERKEZKÖYLER;835
1747;MERKEZKÖYLER;839
1748;MERKEZKÖYLER;840
1749;MERKEZKÖYLER;842
1750;MERKEZKÖYLER;844
1751;MERKEZKÖYLER;845
1752;MERKEZKÖYLER;848
1753;MERKEZKÖYLER;849
1754;MERKEZKÖYLER;850
1755;MERKEZKÖYLER;852
1756;MERKEZKÖYLER;853
1757;MERKEZKÖYLER;854
1758;MERKEZKÖYLER;857
1759;MERKEZKÖYLER;859
1760;MERKEZKÖYLER;862
1761;MERKEZKÖYLER;863
1762;MERKEZKÖYLER;865
1763;MERKEZKÖYLER;870
1764;MERKEZKÖYLER;871
1765;MERKEZKÖYLER;872
1766;MERKEZKÖYLER;873
1767;MERKEZKÖYLER;875
1768;MERKEZKÖYLER;876
1769;MERKEZKÖYLER;880
1770;MERKEZKÖYLER;881
1771;MERKEZKÖYLER;883
1772;MERKEZKÖYLER;885
1773;MERKEZKÖYLER;888
1774;MERKEZKÖYLER;892
1775;MERKEZKÖYLER;893
1776;MERKEZKÖYLER;896
1777;MERKEZKÖYLER;898
1778;MERKEZKÖYLER;899
1779;MERKEZKÖYLER;901
1780;MERKEZKÖYLER;903
1781;MERKEZKÖYLER;905
1782;MERKEZKÖYLER;907
1783;MERKEZKÖYLER;909
1784;MERKEZKÖYLER;910
1785;MERKEZKÖYLER;911
1786;MERKEZKÖYLER;912
1787;MERKEZKÖYLER;913
1788;MERKEZKÖYLER;916
1789;MERKEZKÖYLER;919
1790;MERKEZKÖYLER;921
1791;MERKEZKÖYLER;923
1792;MERKEZKÖYLER;926
1793;MERKEZKÖYLER;927
1794;MERKEZKÖYLER;928
1795;MERKEZKÖYLER;933
1796;MERKEZKÖYLER;934
1797;MERKEZKÖYLER;938
1798;MERKEZKÖYLER;940
1799;MERKEZKÖYLER;941
1800;MERKEZKÖYLER;942
1801;MERKEZKÖYLER;943
1802;MERKEZKÖYLER;944
1803;MERKEZKÖYLER;947
1804;MERKEZKÖYLER;948
1805;MERKEZKÖYLER;952
1806;MERKEZKÖYLER;955
1807;MERKEZKÖYLER;957
1808;MERKEZKÖYLER;958
1809;MERKEZKÖYLER;960
1810;MERKEZKÖYLER;965
1811;MERKEZKÖYLER;966
1812;MERKEZKÖYLER;968
1813;MERKEZKÖYLER;970
1814;MERKEZ-KÖYLER;658
1816;MERZİFON;679
1817;MESUDİYE;680
1818;MEŞRUTİYET;864
1825;MEZİTLİ;681
1826;MİHALGAZİ;683
1827;MİLAS;685
1828;MİMARSİNAN;179
1829;MİMARSİNAN;620
1830;MİMARSİNAN;796
1831;MİMARSİNAN;828
1832;MİMARSİNAN;900
1833;MİMARSİNAN;920
1834;MİTHATPAŞA;23
1835;MOLLAKENDİ;641
1836;MORDOĞAN;500
1841;MURADİYE;689
1842;MURADİYE;964
1844;MURATPAŞA;133
1845;MURATREİS;920
1846;MUSABEYLİ;693
1847;MUSTAFABEYLİ;182
1849;MUSTAFAKEMALPAŞA;694
1850;MUSTAFAPAŞA;641
1852;MUTKİ;696
1853;MUTTALİP;879
1854;MÜTEVELLİ;789
1855;NAİLBEY;641
1856;NALÇACI;796
1857;NALDÖKEN;160
1858;NALLIHAN;697
1859;NAMIKKEMAL;182
1860;NAMIKKEMAL;917
1861;NAR;653
1862;NARLIDERE;698
1863;NARMAN;699
1864;NAZIMİYE;700
1865;NAZİLLİ;701
1866;NECİPFAZIL;828
1867;NERGİZ;523
1868;NİKSAR;702
1869;NİLÜFERKÖY;703
1870;NİLÜFERORGANİZESANAYİ;703
1871;NİZİP;704
1872;NUMUNEBAĞ;133
1873;NUR;79
1874;NURDAĞI;705
1875;NURETTİN(KONAKKURAN);608
1876;NURHAK;706
1877;NURİYE;789
1878;NUSAYBİN;707
1879;NUSRATİYE;23
1880;ODUNPAZARIKÖY;708
1881;OF;709
1882;OĞUZELİ;710
1883;OKMEYDANI;864
1884;OLTU;712
1885;OLUR;713
1886;ONDOKUZ MAYIS BALLICA;1
1887;ONDOKUZMAYIS;483
1888;ORDUZU;125
1889;ORGANİZESANAYİ;703
1890;ORHANELİ;715
1891;ORHANGAZİ;708
1892;ORHANGAZİ;716
1893;ORHANLI;900
1894;ORHANTEPE;524
1895;ORMANLI;324
1896;ORTA;717
1897;ORTABAĞLAR;959
1898;ORTACA;718
1899;ORTAHİSAR;919
1900;ORTAKLAR;367
1901;ORTAKÖY;139
1902;ORTAKÖY;720
1903;ORTAKÖY;721
1904;ORTAKÖY;810
1905;OSMANAĞA;483
1906;OSMANCIK;722
1907;OSMANELİ;723
1908;OSMANGAZİ;770
1909;OSMANGAZİ;780
1910;OSMANGAZİKÖY;724
1911;OSMANİYE;110
1912;OSTİM;945
1913;OTLUKBELİ;725
1914;OVA;526
1915;OVAAKÇA;724
1916;OVACIK;726
1917;OVACIK;727
1918;OVAKIŞLA;15
1919;ÖDEMİŞ;728
1920;ÖMERLİ;221
1921;ÖMERLİ;729
1922;ÖREN;540
1923;ÖRNEK;85
1924;ÖVEÇLER;201
1925;ÖZALP;730
1926;ÖZALPER;956
1927;ÖZBEK;914
1928;ÖZDERE;621
1929;ÖZKONAK;87
1930;ÖZPINAR;863
1931;ÖZYURT;236
1932;PALANDÖKEN;732
1933;PALU;733
1934;PAMUKÇU;47
1935;PAMUKOVA;735
1936;PANAYIR;724
1937;PANCAR;889
1938;PANGALTI;864
1939;PASAPORT;565
1940;PASİNLER;736
1941;PAŞABAHÇE;143
1942;PAŞAKÖY;789
1943;PATLAK;115
1944;PATNOS;737
1945;PAYAS;738
1946;PAZAR;739
1947;PAZAR;740
1948;PAZARCIK;741
1949;PAZARKAŞI;809
1950;PAZARLAR;742
1951;PAZARYERİ;743
1952;PAZARYOLU;744
1953;PEHLİVANKÖY;745
1954;PELİTKÖY;177
1955;PERİLİKAYA;846
1956;PERŞEMBE;214
1957;PERŞEMBE;747
1958;PERTEK;748
1959;PERVARİ;749
1960;PETROL;668
1961;PINARBAŞI;160
1962;PINARBAŞI;750
1963;PINARBAŞI;751
1964;PINARHİSAR;752
1965;PİRAZİZ;753
1966;PİYADELER;43
1967;PLEVNE;47
1968;PLEVNE;815
1969;POLATELİ;754
1970;POLATLI;755
1971;POLONEZKÖY;143
1972;POSOF;756
1973;POZANTI;757
1974;PÖTÜRGE;760
1975;PTTEVLERİ;967
1976;PURSAKLAR;758
1977;PÜLÜMÜR;759
1978;PÜRTELAŞ;146
1979;RAMİ;342
1980;RASATHANE;461
1981;RASİMPAŞA;483
1982;REFAHİYE;761
1983;REMZİOĞUZARIK;780
1984;REŞADİYE;762
1985;REYHANLI;763
1986;RİZE;655
1987;RUMELİHİSARI;787
1988;SAADETDERE;333
1989;SAFAŞEHİR;855
1990;SAFRANBOLU;764
1991;SAĞLIK;767
1992;SAĞLIK;890
1993;SAHİL;479
1994;SAHİPATA;628
1995;SAHRAYICEDİT;483
1996;SAİMBEYLİ;765
1997;SAKARYA;518
1998;SALBAŞ;246
1999;SALIPAZARI;766
2000;SALİHLİ;767
2001;SALMANLI;151
2002;SALTUKOVA;214
2003;SAMANDAĞ;768
2004;SAMANPAZARI;48
2005;SAMSAT;769
2006;SANATORYUM;535
2007;SANAYİ;182
2008;SANAYİ;295
2009;SANAYİ;304
2010;SANAYİ;332
2011;SANAYİ;333
2012;SANAYİ;404
2013;SANAYİ;473
2014;SANAYİ;562
2015;SANAYİ;636
2016;SANAYİ;646
2017;SANAYİ;664
2018;SANAYİ;667
2019;SANCAK;633
2020;SANCAKLIBOZKÖY;856
2021;SANDIKLI;771
2022;SAPANCA;772
2023;SARAY;773
2024;SARAY;774
2025;SARAYBAHÇE;479
2026;SARAYCIK;50
2027;SARAYDÜZÜ;775
2028;SARAYKENT;776
2029;SARAYKÖY;777
2030;SARAYLAR;678
2031;SARAYÖNÜ;778
2032;SARIBAŞAK;846
2033;SARIBEYLER;791
2034;SARICA;477
2035;SARICAKAYA;779
2036;SARIGAZİ;770
2037;SARIGÖL;781
2038;SARIKAMIŞ;782
2039;SARIKAYA;783
2040;SARIKÖY;385
2041;SARIOĞLAN;784
2042;SARISU;737
2043;SARIVELİLER;785
2044;SARIYAHŞİ;786
2045;SARIYER;787
2046;SARIZ;788
2047;SARUHANLI;789
2048;SASON;790
2049;SAVAŞTEPE;791
2050;SAVUR;792
2051;SAVURKAPI;79
2052;SAYDAM;806
2053;SAYGEÇİT;462
2054;SAZOVA;879
2055;SEBEN;793
2056;SEFAKÖY;596
2057;SEFERİHİSAR;794
2058;SELAHATTİNEYYUBİ;105
2059;SELÇUK;795
2060;SELÇUKLU;796
2061;SELENDİ;797
2062;SELİM;798
2063;SELİMİYE;516
2064;SELİMİYE;920
2065;SELİMPAŞA;810
2066;SENİRKENT;799
2067;SERDİVAN;800
2068;SERGEN;926
2069;SERİK;801
2070;SERİNHİSAR;802
2071;SERVET;544
2072;SETBAŞI;959
2073;SEYDISEHIR;805
2074;SEYDİKEMER;803
2075;SEYDİLER;804
2076;SEYİTGAZİ;807
2077;SEYİTNİZAM;969
2078;SEYİTÖMER;651
2079;SEYMEN;121
2080;SEYRANTEPE;487
2081;SINDIRGI;808
2082;SITMAPINARI;125
2083;SIZIR;361
2084;SİDE;612
2085;SİİRT;656
2086;SİLAHTAR;243
2087;SİLİFKE;809
2088;SİLİVRİ;810
2089;SİLOPİ;811
2090;SİLVAN;812
2091;SİMAV;813
2092;SİNANPAŞA;814
2093;SİNCAN;815
2094;SİNCİK;816
2095;SİNOP;657
2096;SİRKECİ;345
2097;SİVASLI;817
2098;SİVEREK;818
2099;SİVRİCE;819
2100;SİVRİHİSAR;820
2101;SOĞANLIK;524
2102;SOĞUKKUYU;130
2103;SOLHAN;821
2104;SOMA;822
2105;SORGUN;823
2106;SÖĞÜT;824
2107;SÖĞÜTLÜ;825
2108;SÖKE;826
2109;SUADİYE;483
2110;SUADİYE;525
2111;SUBAŞI;889
2112;SUDURAĞI;666
2113;SULAKYURT;827
2114;SULTANAHMET;345
2115;SULTANÇİFTLİĞİ;830
2116;SULTANDAĞI;829
2117;SULTANDERE;708
2118;SULTANGAZİ;830
2119;SULTANHANI;664
2120;SULTANHİSAR;831
2121;SULUOVA;832
2122;SULUSARAY;653
2123;SULUSARAY;833
2124;SUMBAS;834
2125;SUNGURBEY;654
2126;SUNGURLU;835
2127;SURİÇİ;836
2128;SURUÇ;837
2129;SUSURLUK;838
2130;SUSUZ;839
2131;SUŞEHRİ;840
2132;SUVARLI;137
2133;SÜLEYMANLI;714
2134;SÜLEYMANPAŞA;841
2135;SÜLOĞLU;842
2136;SÜLÜMENLİ;628
2137;SÜMER;666
2138;SÜMER;678
2139;SÜMER;701
2140;SÜMER;708
2141;SÜMEREVLER;627
2142;SÜPHAN;303
2143;SÜRMENE;843
2144;SÜRSÜRÜ;641
2145;SÜTÇÜİMAM;295
2146;SÜTÇÜLER;543
2147;SÜTÇÜLER;844
2148;ŞABANÖZÜ;845
2149;ŞAHİNBEY;846
2150;ŞAHNAHAN;956
2151;ŞAİRNABİ;418
2152;ŞAKİRPAŞA;806
2153;ŞALPAZARI;847
2154;ŞAMBAYAT;137
2155;ŞAMLAR;119
2156;ŞAMLI;518
2157;ŞAPHANE;848
2158;ŞARKIŞLA;849
2159;ŞARKİKARAAĞAÇ;850
2160;ŞARKÖY;851
2161;ŞAVŞAT;852
2162;ŞEBİNKARAHİSAR;853
2163;ŞEFAATLİ;854
2164;ŞEHİTLİK;950
2165;ŞEHREMİNİ;345
2166;ŞEHZADELER;856
2167;ŞEMDİNLİ;857
2168;ŞENKAYA;858
2169;ŞENLİK;535
2170;ŞENPAZAR;859
2171;ŞENTEPE;945
2172;ŞEREFLİKOÇHİSAR;860
2173;ŞEYHLİ;746
2174;ŞIRNAK;669
2175;ŞİLE;861
2176;ŞİRAN;862
2177;ŞİRİNEVLER;107
2178;ŞİRİNTEPE;487
2179;ŞİRİNYER;171
2180;ŞİRVAN;863
2181;ŞUHUT;865
2182;TABAKHANE;846
2183;TAHİR;312
2184;TAHTAKALE;345
2185;TAKSİM;146
2186;TALAS;866
2187;TALAS KÖYLER;866
2188;TARABYA;787
2189;TARAKLI;867
2190;TARLABAŞI;146
2191;TARSUS;868
2192;TAŞAĞIL;612
2193;TAŞCAMİ;625
2194;TAŞDELEN;221
2195;TAŞKENT;869
2196;TAŞKÖPRÜ;870
2197;TAŞLIÇAY;871
2198;TAŞMESCİT;638
2199;TAŞOLUK;74
2200;TAŞOLUK;814
2201;TAŞOVA;872
2202;TAŞPINAR;664
2203;TAŞTEPE;125
2204;TATLARİN;3
2205;TATVAN;873
2206;TAVAS;874
2207;TAVŞANLI;875
2208;TEFENNİ;876
2209;TEKELİ;621
2210;TEKİROVA;541
2211;TEKKEKÖY;877
2212;TEKMAN;878
2213;TELSİZ;969
2214;TELSİZLER;48
2215;TEMAŞALIK;432
2216;TEMELLİ;815
2217;TEPEBAŞI;667
2218;TEPEBAŞIKÖY;879
2219;TEPECİK;179
2220;TEPELER;473
2221;TERCAN;880
2222;TERMAL;881
2223;TERME;882
2224;TERMİNAL;931
2225;TERSANELER;900
2226;TEŞVİKİYE;864
2227;TEVFİKİYE;964
2228;TINAZTEPE;814
2229;TİRE;884
2230;TİREBOLU;885
2231;TOKATKÖY;143
2232;TOMARZA;886
2233;TONYA;887
2234;TOPKAPI;345
2235;TOPKAPI;969
2236;TOPRAKKALE;888
2237;TOPSELVİ;524
2238;TOPSÖĞÜT;956
2239;TORBALI;889
2240;TOROSLAR;890
2241;TORTUM;891
2242;TORUL;892
2243;TOSYA;893
2244;TOZKOPARAN;404
2245;TUFANBEYLİ;894
2246;TUNCELİ;660
2247;TURGUTALP;822
2248;TURGUTLU;895
2249;TURGUTREİS;828
2250;TURHAL;896
2251;TUT;898
2252;TUTAK;899
2253;TUZLUCA;901
2254;TUZLUKÇU;902
2255;TÜRKALİ;139
2256;TÜRKELİ;903
2257;TÜRKOĞLU;904
2258;TÜRLÜBAŞ;182
2259;TÜTÜNÇİFTLİK;580
2260;UÇHİSAR;653
2261;UFUKTEPE;535
2262;UĞUR MUMCU;524
2263;UĞURLUDAĞ;905
2264;ULA;906
2265;ULAŞ;907
2266;ULUBATLI;815
2267;ULUBEY;48
2268;ULUBEY;908
2269;ULUBEY;909
2270;ULUBORLU;910
2271;ULUCAK;540
2272;ULUDERBENT;43
2273;ULUDERE;911
2274;ULUKAVAK;639
2275;ULUKIŞLA;912
2276;ULUMAHALLE;724
2277;ULUÖNDER;879
2278;ULUS;48
2279;ULUS;913
2280;UMURBEY;602
2281;UMURLU;304
2282;UNKAPANI;461
2283;URGANLI;895
2284;URLA;914
2285;UZUNÇİFTLİK;525
2286;UZUNDERE;915
2287;UZUNKÖPRÜ;916
2288;UZUNTARLA;525
2289;ÜÇEVLER;703
2290;ÜÇLER;678
2291;ÜÇPINAR;964
2292;ÜNALAN;920
2293;ÜNYE;918
2294;ÜRGÜP;919
2295;ÜRKMEZ;794
2296;ÜSKÜP;649
2297;ÜZERLİK;678
2298;ÜZÜMLÜ;921
2299;VADİŞEHİR;708
2300;VAKFIKEBİR;922
2301;VALİLİK;562
2302;VALİMİTATBEY;470
2303;VARSAK;543
2304;VARTO;923
2305;VEFA;345
2306;VEZİRKÖPRÜ;924
2307;VİRANŞEHİR;925
2308;VİŞNELİK;708
2309;VİZE;926
2310;YAĞCAMİ;806
2311;YAĞCILI;822
2312;YAĞLIDERE;927
2313;YAHŞİHAN;928
2314;YAHYALI;929
2315;YAKACIK;524
2316;YAKAKENT;930
2317;YAKAPINAR;967
2318;YAKINCA;956
2319;YAKUPLU;144
2320;YAKUTİYE;931
2321;YALI;523
2322;YALI;610
2323;YALIHÜYÜK;932
2324;YALVAÇ;933
2325;YAMAÇLI;967
2326;YANLIZÇAM;671
2327;YAPRAKLI;934
2328;YATAĞAN;935
2329;YAVUZELİ;936
2330;YAVUZLAR;967
2331;YAVUZTÜRK;920
2332;YAYALAR;746
2333;YAYLADAĞI;937
2334;YAYLADERE;938
2335;YAYLAK;167
2336;YAZIBAŞI;889
2337;YAZIHAN;939
2338;YAZIR;796
2339;YAZLIK;800
2340;YEDİKULE;345
2341;YEDİSU;940
2342;YELKENLİ;873
2343;YENİ MAHALLE;562
2344;YENİBOSNA;107
2345;YENİCE;636
2346;YENİCE;941
2347;YENİCE;942
2348;YENİCEKALE;714
2349;YENİÇAĞA;943
2350;YENİÇAMLICA;85
2351;YENİÇUBUK;361
2352;YENİDOĞAN;479
2353;YENİDOĞAN;770
2354;YENİEMEK;543
2355;YENİFAKILI;944
2356;YENİFOÇA;353
2357;YENİGÜN;691
2358;YENİHİSAR;275
2359;YENİKENT;708
2360;YENİKENT;815
2361;YENİKÖY;121
2362;YENİKÖY;787
2363;YENİKÖYOSB;889
2364;YENİMAHALLE;945
2365;YENİPAZAR;946
2366;YENİPAZAR;947
2367;YENİSAHRA;85
2368;YENİSANAYİ;627
2369;YENİSANAYİ;670
2370;YENİŞARBADEMLİ;948
2371;YENİŞEHİR;201
2372;YENİŞEHİR;418
2373;YENİŞEHİR;479
2374;YENİŞEHİR;562
2375;YENİŞEHİR;565
2376;YENİŞEHİR;658
2377;YENİŞEHİR;674
2378;YENİŞEHİR;746
2379;YENİŞEHİR;949
2380;YENİŞEHİR;950
2381;YENİŞEHİR;951
2382;YENİYOL;639
2383;YERKÖY;952
2384;YERLİSU;547
2385;YEŞİLDERE;710
2386;YEŞİLEVLER;806
2387;YEŞİLHİSAR;953
2388;YEŞİLKENT;461
2389;YEŞİLKÖY;110
2390;YEŞİLKÖY;526
2391;YEŞİLKÖY;553
2392;YEŞİLLİ;954
2393;YEŞİLOBA;806
2394;YEŞİLOVA;664
2395;YEŞİLOVA;955
2396;YEŞİLPINAR;342
2397;YEŞİLTEPE;879
2398;YEŞİLTEPE;956
2399;YEŞİLYURT;43
2400;YEŞİLYURT;499
2401;YEŞİLYURT;806
2402;YEŞİLYURT;956
2403;YEŞİLYURT;957
2404;YIĞILCA;958
2405;YILDIRIM;133
2406;YILDIRIM;959
2407;YILDIZ;201
2408;YILDIZELİ;960
2409;YILDIZKENT;732
2410;YILDIZTABYA;355
2411;YİĞİTLER;131
2412;yolboyumah.;868
2413;YOMRA;961
2414;YOZGAT;662
2415;YUKARIDUDULLU;917
2416;Yukarımah.;868
2417;YUMURTALIK;962
2418;YUNAK;963
2419;YUNUSELİ;724
2420;YUNUSEMRE;964
2421;YURTÇU;338
2422;YUSUFELİ;965
2423;YUVA;667
2424;YUVACIK;121
2425;YÜKSEKOVA;966
2426;ZAFERTEPE;201
2427;ZARA;968
2428;ZEYREK;345
2429;ZEYTİNALANI;914
2430;ZEYTİNLİK;110
2431;ZİLE;970
2432;ZİNCİRLİKUYU;499
2433;ZİYAPAŞA;806
2434;ZONGULDAK;663
2435;ZUHURATBABA;110
2436;ZÜBEYDEHANIM;830
2437;ZÜMRÜTEVLER;610